Workbook

Sheet Performance Record Sheet
A1: STUDENTS PERFORMANCE ANALYTICS DASHBOARD
A2: GRADE BOOK | C2: Mathematics | D2: English | E2: Chemistry | F2: Economics | G2: Physics | H2: Biology | J2: Mathematics | K2: English | L2: Chemistry | M2: Economics | N2: Physics | O2: Biology | P2: Overall % | Q2: Pass Or Fail
B3: Points Possible | C3: 30 | D3: 30 | E3: 30 | F3: 30 | G3: 30 | H3: 30
A4: Last Name | B4: First Name
A5: Adebayo | B5: Michael | C5: 17 | D5: 22 | E5: 26 | F5: 27 | G5: 20 | H5: 18 | J5: =C5/C$3 -> 0.56666667 | K5: =D5/D$3 -> 0.73333333 | L5: =E5/E$3 -> 0.86666667 | M5: =F5/F$3 -> 0.9 | N5: =G5/G$3 -> 0.66666667 | O5: =H5/H$3 -> 0.6 | P5: =AVERAGE(J5:O5) -> 0.72222222 | Q5: =IF(P5:P21<=0.7,"Fail","Pass") -> Pass
A6: Ibrahim | B6: Soliu | C6: 30 | D6: 24 | E6: 18 | F6: 24 | G6: 19 | H6: 14 | J6: =C6/C$3 -> 1 | K6: =D6/D$3 -> 0.8 | L6: =E6/E$3 -> 0.6 | M6: =F6/F$3 -> 0.8 | N6: =G6/G$3 -> 0.63333333 | O6: =H6/H$3 -> 0.46666667 | P6: =AVERAGE(J6:O6) -> 0.71666667 | Q6: =IF(P6:P22<=0.7,"Fail","Pass") -> Pass
A7: Omotunde | B7: Taiwo | C7: 16 | D7: 22 | E7: 19 | F7: 30 | G7: 21 | H7: 17 | J7: =C7/C$3 -> 0.53333333 | K7: =D7/D$3 -> 0.73333333 | L7: =E7/E$3 -> 0.63333333 | M7: =F7/F$3 -> 1 | N7: =G7/G$3 -> 0.7 | O7: =H7/H$3 -> 0.56666667 | P7: =AVERAGE(J7:O7) -> 0.69444444 | Q7: =IF(P7:P23<=0.7,"Fail","Pass") -> Fail
A8: Ayotunde | B8: Samuel | C8: 19 | D8: 19 | E8: 23 | F8: 30 | G8: 18 | H8: 22 | J8: =C8/C$3 -> 0.63333333 | K8: =D8/D$3 -> 0.63333333 | L8: =E8/E$3 -> 0.76666667 | M8: =F8/F$3 -> 1 | N8: =G8/G$3 -> 0.6 | O8: =H8/H$3 -> 0.73333333 | P8: =AVERAGE(J8:O8) -> 0.72777778 | Q8: =IF(P8:P24<=0.7,"Fail","Pass") -> Pass
A9: Makinde | B9: Deborah | C9: 17 | D9: 18 | E9: 24 | F9: 23 | G9: 20 | H9: 17 | J9: =C9/C$3 -> 0.56666667 | K9: =D9/D$3 -> 0.6 | L9: =E9/E$3 -> 0.8 | M9: =F9/F$3 -> 0.76666667 | N9: =G9/G$3 -> 0.66666667 | O9: =H9/H$3 -> 0.56666667 | P9: =AVERAGE(J9:O9) -> 0.66111111 | Q9: =IF(P9:P25<=0.7,"Fail","Pass") -> Fail
A10: Daniel | B10: Christian | C10: 15 | D10: 26 | E10: 23 | F10: 18 | G10: 22 | H10: 19 | J10: =C10/C$3 -> 0.5 | K10: =D10/D$3 -> 0.86666667 | L10: =E10/E$3 -> 0.76666667 | M10: =F10/F$3 -> 0.6 | N10: =G10/G$3 -> 0.73333333 | O10: =H10/H$3 -> 0.63333333 | P10: =AVERAGE(J10:O10) -> 0.68333333 | Q10: =IF(P10:P26<=0.7,"Fail","Pass") -> Fail
A11: Casemiro | B11: Carlos | C11: 25 | D11: 21 | E11: 22 | F11: 25 | G11: 21 | H11: 23 | J11: =C11/C$3 -> 0.83333333 | K11: =D11/D$3 -> 0.7 | L11: =E11/E$3 -> 0.73333333 | M11: =F11/F$3 -> 0.83333333 | N11: =G11/G$3 -> 0.7 | O11: =H11/H$3 -> 0.76666667 | P11: =AVERAGE(J11:O11) -> 0.76111111 | Q11: =IF(P11:P27<=0.7,"Fail","Pass") -> Pass
A12: Mbuemo | B12: Bryan | C12: 28 | D12: 20 | E12: 21 | F12: 23 | G12: 23 | H12: 20 | J12: =C12/C$3 -> 0.93333333 | K12: =D12/D$3 -> 0.66666667 | L12: =E12/E$3 -> 0.7 | M12: =F12/F$3 -> 0.76666667 | N12: =G12/G$3 -> 0.76666667 | O12: =H12/H$3 -> 0.66666667 | P12: =AVERAGE(J12:O12) -> 0.75 | Q12: =IF(P12:P28<=0.7,"Fail","Pass") -> Pass
A13: Kane | B13: Harry | C13: 30 | D13: 30 | E13: 26 | F13: 30 | G13: 25 | H13: 27 | J13: =C13/C$3 -> 1 | K13: =D13/D$3 -> 1 | L13: =E13/E$3 -> 0.86666667 | M13: =F13/F$3 -> 1 | N13: =G13/G$3 -> 0.83333333 | O13: =H13/H$3 -> 0.9 | P13: =AVERAGE(J13:O13) -> 0.93333333 | Q13: =IF(P13:P29<=0.7,"Fail","Pass") -> Pass
A14: Musiala | B14: Jamal | C14: 25 | D14: 30 | E14: 23 | F14: 29 | G14: 20 | H14: 19 | J14: =C14/C$3 -> 0.83333333 | K14: =D14/D$3 -> 1 | L14: =E14/E$3 -> 0.76666667 | M14: =F14/F$3 -> 0.96666667 | N14: =G14/G$3 -> 0.66666667 | O14: =H14/H$3 -> 0.63333333 | P14: =AVERAGE(J14:O14) -> 0.81111111 | Q14: =IF(P14:P30<=0.7,"Fail","Pass") -> Pass
A15: Gnabry | B15: Serge | C15: 12 | D15: 25 | E15: 30 | F15: 19 | G15: 26 | H15: 16 | J15: =C15/C$3 -> 0.4 | K15: =D15/D$3 -> 0.83333333 | L15: =E15/E$3 -> 1 | M15: =F15/F$3 -> 0.63333333 | N15: =G15/G$3 -> 0.86666667 | O15: =H15/H$3 -> 0.53333333 | P15: =AVERAGE(J15:O15) -> 0.71111111 | Q15: =IF(P15:P31<=0.7,"Fail","Pass") -> Pass
A16: Tah | B16: Jonathan | C16: 22 | D16: 18 | E16: 17 | F16: 20 | G16: 23 | H16: 19 | J16: =C16/C$3 -> 0.73333333 | K16: =D16/D$3 -> 0.6 | L16: =E16/E$3 -> 0.56666667 | M16: =F16/F$3 -> 0.66666667 | N16: =G16/G$3 -> 0.76666667 | O16: =H16/H$3 -> 0.63333333 | P16: =AVERAGE(J16:O16) -> 0.66111111 | Q16: =IF(P16:P32<=0.7,"Fail","Pass") -> Fail
... A21: Martinez | B21: Lisandro | C21: 30 | D21: 21 | E21: 16 | F21: 19 | G21: 27 | H21: 17 | J21: =C21/C$3 -> 1 | K21: =D21/D$3 -> 0.7 | L21: =E21/E$3 -> 0.53333333 | M21: =F21/F$3 -> 0.63333333 | N21: =G21/G$3 -> 0.9 | O21: =H21/H$3 -> 0.56666667 | P21: =AVERAGE(J21:O21) -> 0.72222222 | Q21: =IF(P21:P37<=0.7,"Fail","Pass") -> Pass
A24: Max | C24: =MAX(C5:C21) -> 30 | D24: =MAX(D5:D21) -> 30 | E24: =MAX(E5:E21) -> 30 | F24: =MAX(F5:F21) -> 30 | G24: =MAX(G5:G21) -> 27 | H24: =MAX(H5:H21) -> 27 | J24: =MAX(J5:J21) -> 1 | K24: =MAX(K5:K21) -> 1 | L24: =MAX(L5:L21) -> 1 | M24: =MAX(M5:M21) -> 1 | N24: =MAX(N5:N21) -> 0.9 | O24: =MAX(O5:O21) -> 0.9 | P24: =MAX(P5:P21) -> 0.93333333
A25: Min | C25: =MIN(C5:C21) -> 11 | D25: =MIN(D5:D21) -> 17 | E25: =MIN(E5:E21) -> 16 | F25: =MIN(F5:F21) -> 17 | G25: =MIN(G5:G21) -> 17 | H25: =MIN(H5:H21) -> 14 | J25: =MIN(J5:J21) -> 0.36666667 | K25: =MIN(K5:K21) -> 0.56666667 | L25: =MIN(L5:L21) -> 0.53333333 | M25: =MIN(M5:M21) -> 0.56666667 | N25: =MIN(N5:N21) -> 0.56666667 | O25: =MIN(O5:O21) -> 0.46666667 | P25: =MIN(P5:P21) -> 0.66111111
A26: Avr | C26: =AVERAGE(C5:C21) -> 22.176471 | D26: =AVERAGE(D5:D21) -> 22.470588 | E26: =AVERAGE(E5:E21) -> 23.470588 | F26: =AVERAGE(F5:F21) -> 23.647059 | G26: =AVERAGE(G5:G21) -> 21.176471 | H26: =AVERAGE(H5:H21) -> 19.882353 | J26: =AVERAGE(J5:J21) -> 0.73921569 | K26: =AVERAGE(K5:K21) -> 0.74901961 | L26: =AVERAGE(L5:L21) -> 0.78235294 | M26: =AVERAGE(M5:M21) -> 0.78823529 | N26: =AVERAGE(N5:N21) -> 0.70588235 | O26: =AVERAGE(O5:O21) -> 0.6627451 | P26: =AVERAGE(P5:P21) -> 0.7379085

Sheet Dashboard
B1: STUDENTS PERFORMANCE DASHBOARD
B3: KPI CARDS | N3: Average Performance Per Subjects
N4: Maths | O4: 0.74
B5: Total Students 17 | F5: Average Overall Score 74% | J5: Highest Overall Score 93% | N5: English | O5: 0.75
N6: Chemistry | O6: 0.78
N7: Economics | O7: 0.79
N8: Physics | O8: 0.71
B9: Lowest Overall Score 66% | F9: Students Passed 12 | J9: Students Failed 5 | N9: Biology | O9: 0.66
N13: Student Performance Ranking
B14: CHARTS | N14: Student | O14: Overall %
N15: Kane | O15: =AVERAGE('Performance Record Sheet'!J13:O13) -> 0.93333333
N16: Kimmich | O16: =AVERAGE('Performance Record Sheet'!J18:O18) -> 0.84444444
N17: Musiala | O17: =AVERAGE('Performance Record Sheet'!J14:O14) -> 0.81111111
N18: Casemiro | O18: =AVERAGE('Performance Record Sheet'!J11:O11) -> 0.76111111
N19: Mbuemo | O19: =AVERAGE('Performance Record Sheet'!J12:O12) -> 0.75
N20: Neuer | O20: =AVERAGE('Performance Record Sheet'!J19:O19) -> 0.74444444
N21: Ayotunde | O21: =AVERAGE('Performance Record Sheet'!J8:O8) -> 0.72777778
N22: Jackson | O22: =AVERAGE('Performance Record Sheet'!J20:O20) -> 0.72777778
N23: Adebayo | O23: =AVERAGE('Performance Record Sheet'!J5:O5) -> 0.72222222
N24: Martinez | O24: =AVERAGE('Performance Record Sheet'!J21:O21) -> 0.72222222
N25: Ibrahim | O25: =AVERAGE('Performance Record Sheet'!J6:O6) -> 0.71666667
N26: Gnabry | O26: =AVERAGE('Performance Record Sheet'!J15:O15) -> 0.71111111
N27: Omotunde | O27: =AVERAGE('Performance Record Sheet'!J7:O7) -> 0.69444444
N28: Daniel | O28: =AVERAGE('Performance Record Sheet'!J10:O10) -> 0.68333333
N29: Olise | O29: =AVERAGE('Performance Record Sheet'!J17:O17) -> 0.67222222
N30: Makinde | O30: =AVERAGE('Performance Record Sheet'!J9:O9) -> 0.66111111
N31: Tah | O31: =AVERAGE('Performance Record Sheet'!J16:O16) -> 0.66111111
N34: Status | O34: Students
N35: Pass | O35: 12
N36: Fail | O36: 5
N39: Key Insight
N40: Top Performing Student: | O40: Harry Kane
N41: Lowest Performing Student: | O41: Jonathan Tah
N42: Best Performing Subject: | O42: Economics
N43: Weakest Subject: | O43: Biology
N44: Pass Rate: | O44: 0.71
N45: Class Average: | O45: 0.74
